"priorite","id","domaine","argent","variables","francais_actuel","FRANCAIS_IVOIRIEN","PROPOSE_DOCX","SOURCE_DOCX","ALERTE"
"1","ACCUEIL_CAISSE_CONNUE","caisse","oui","caisse","Ta caisse aujourd'hui : {caisse}.","","","",""
"1","ACCUEIL_CAISSE_ILLISIBLE","caisse","oui","","Je n'ai pas pu lire ta caisse. Ce n'est pas zéro : je n'ai pas pu demander. Ton argent est là.","","","",""
"1","ACCUEIL_CAISSE_PARTIELLE","caisse","oui","caisse","Ta caisse aujourd'hui : au moins {caisse}. Ce n'est pas tout : des ventes attendent encore sur ton téléphone.","","","",""
"1","QUEST_BENEFICE_NEGATIF","questions_caisse","oui","ventes depenses resultat","Aujourd'hui : {ventes} {devise} de ventes, {depenses} de dépenses. Tu as dépensé {resultat} {devise} de plus que tes ventes.","","","",""
"1","QUEST_BENEFICE_POSITIF","questions_caisse","oui","ventes depenses resultat","Aujourd'hui : {ventes} {devise} de ventes, {depenses} de dépenses. Il te reste {resultat} {devise}.","","","",""
"1","QUEST_BENEFICE_VIDE","questions_caisse","oui","","Pas encore de ventes ni de dépenses aujourd'hui.","","","",""
"1","QUEST_DEPENSES_AUCUNE","questions_caisse","oui","","Aucune dépense notée aujourd'hui.","","","",""
"1","QUEST_DEPENSES_JOUR","questions_caisse","oui","depenses","Aujourd'hui, tu as dépensé {depenses} {devise}.","","","",""
"1","QUEST_SOLDE_CAISSE","questions_caisse","oui","caisse","Dans ta caisse, il y a {caisse} {devise}.","","Dans ta caisse physique là, il y a {caisse} {devise}.","Solde caisse (intentionsCaisse.ts)","variables renommées montant → caisse"
"1","QUEST_SOLDE_CALCULE","questions_caisse","oui","solde","Ventes moins dépenses, il te reste {solde} {devise} aujourd'hui.","","Tes ventes moins tes dépenses sorties, il te reste {solde} {devise} aujourd'hui.","Bénéfice du jour (intentionsCaisse.ts)","variables renommées montant → solde"
"1","QUEST_SOLDE_NEGATIF","questions_caisse","oui","solde","Aujourd'hui, tes dépenses dépassent tes ventes de {solde} {devise}.","","","",""
"1","QUEST_VENTES_AUCUNE","questions_caisse","oui","","Tu n'as pas encore de vente aujourd'hui. Ça va venir !","","Tu n'as pas encore fait de vente aujourd'hui. Y'a pas problème, le marché va s'ouvrir !","Zéro vente (intentionsCaisse.ts)",""
"1","QUEST_VENTES_JOUR","questions_caisse","oui","ventes","Aujourd'hui, tu as vendu pour {ventes} {devise}.","","Aujourd'hui là, tu as vendu pour {ventes} {devise} au total.","Bilan ventes du jour (intentionsCaisse.ts)","variables renommées montant → ventes"
"1","QUEST_VENTES_JOUR_PLURIEL","questions_caisse","oui","ventes nombre","Aujourd'hui, tu as vendu pour {ventes} {devise}, en {nombre} ventes.","","","",""
"1","RESUME_BILAN_GAGNE","caisse","oui","periode ventes depenses","{periode}, tu as gagné {ventes} {devise}. Tu as dépensé {depenses} {devise}.","","","",""
"1","RESUME_BILAN_PERTE","caisse","oui","periode","Attention ! {periode}, tu as plus dépensé que gagné. Fais attention à tes dépenses.","","","",""
"1","RESUME_BILAN_SANS_DEPENSE","caisse","oui","periode ventes","{periode}, tu as gagné {ventes} {devise}. Tu n'as rien dépensé. Bravo !","","","",""
"1","RESUME_DETAIL","caisse","oui","complement ventes depenses solde heure","Résumé {complement}. Ventes : {ventes} {devise}. Dépenses : {depenses} {devise}. Solde actuel : {solde} {devise}. Heure de pointe : {heure}.","","","",""
"1","RESUME_DETAIL_PERTE","caisse","oui","complement ventes depenses solde","Attention. Tu as plus dépensé que gagné {complement}. Ventes : {ventes} {devise}. Dépenses : {depenses} {devise}. Solde actuel : {solde} {devise}.","","","",""
"1","TATA_AJOUTE_PRODUITS_D_ABORD","caisse","oui","","Ajoute d'abord des produits au panier.","","","",""
"1","TATA_AJOUT_PANIER","vente","oui","","C'est dans le panier. Tu ajoutes autre chose, ou tu encaisses ?","","C'est rentré dans le panier. Tu ajoutes encore ou bien on encaisse l'argent ?","Panier (dialoguesTata.ts)",""
"1","TATA_AMBIGUITE","vente","oui","montant quantite","{montant} {devise}, c'est le prix d'un seul, ou de tous les {quantite} ?","","{montant} {devise} là, c'est le prix d'un seul ou bien c'est pour la totalité ?","Levée d'ambiguïté (dialoguesTata.ts)","VARIABLE PERDUE par la version marché : quantité · NOMBRE DE VARIABLES DIFFÉRENT : catalogue montant,quantite | document montant"
"1","TATA_AMBIGUITE_DOROME","vente","oui","montant montantDorome","{montant} {devise}, ou {montant} dɔrɔmɛ — c'est-à-dire {montantDorome} {devise} ?","","","",""
"1","TATA_ARTICLE_AJOUTE_CATALOGUE","caisse","oui","produit","{produit} ajouté à ton catalogue et au panier","","","",""
"1","TATA_ARTICLE_IMPOSSIBLE","caisse","oui","","Impossible d'ajouter cet article","","","",""
"1","TATA_CHOISIS_OPERATEUR","caisse","oui","","Choisis l'opérateur","","","",""
"1","TATA_COMPRIS","vente","oui","quantite montant suite","J'ai compris : {quantite} pour {montant} {devise}. {suite}","","","",""
"1","TATA_COMPTE_A_CHANGE","caisse","oui","suite","Le compte a changé. {suite}","","","",""
"1","TATA_COMPTE_JUSTE","caisse","oui","","Compte juste.","","L'argent est tombé pile, y'a pas de monnaie.","Rendu exact (POSCaisse.tsx)",""
"1","TATA_CONFIRMATION_TOTAL","vente","oui","quantite total","J'ai compris : {quantite} pour {total} {devise}. C'est bon ?","","","",""
"1","TATA_CONFIRMATION_UNITAIRE","vente","oui","quantite prixUnitaire total","J'ai compris : {quantite} à {prixUnitaire} {devise}. Total : {total} {devise}. C'est bon ?","","","",""
"1","TATA_CONFIRME_VENTE","vente","oui","quantite produit montant","Vente de {quantite}{produit}{montant}, c'est bien ça ?","","","",""
"1","TATA_CORRECTION_RECUE","vente","oui","resume","D'accord : {resume}. C'est bon ?","","","",""
"1","TATA_DOIT","caisse","oui","total","Elle doit {total} {devise}.","","","",""
"1","TATA_DOIT_DONNE_RENDS","caisse","oui","total recu monnaie","Elle doit {total} {devise}. Elle t'a donné {recu}. Tu rends {monnaie}.","","","",""
"1","TATA_DONNE_RENDS","caisse","oui","recu monnaie","Elle t'a donné {recu} {devise}. Tu rends {monnaie} {devise}.","","","",""
"1","TATA_INDIQUE_PRIX","caisse","oui","","Il faut indiquer ton prix","","","",""
"1","TATA_LIGNE_AJOUTEE","caisse","oui","quantite montantLigne totalPanier","{quantite}, {montantLigne} {devise}. Total : {totalPanier} {devise}.","","","",""
"1","TATA_MANQUE","caisse","oui","montant","Il manque {montant} {devise}.","","","",""
"1","TATA_MONNAIE_A_RENDRE","caisse","oui","monnaie","Monnaie à rendre : {monnaie} {devise}","","La monnaie que tu dois lui remettre : c'est {monnaie} {devise}. »4. Stock, Dépenses &amp; Crédit Client","Monnaie (POSCaisse.tsx)","variables renommées montant → monnaie"
"1","TATA_MONTANT_DEVISE","caisse","oui","montant","{montant} {devise}","","","",""
"1","TATA_MONTANT_RECU_INSUFFISANT","caisse","oui","","Montant reçu insuffisant","","","",""
"1","TATA_MONTANT_TOTAL_INVALIDE","caisse","oui","","Montant total invalide","","","",""
"1","TATA_NE_VALIDE_PAS","caisse","oui","","D'accord, je ne valide pas.","","","",""
"1","TATA_PANIER_VIDE","caisse","oui","","Ton panier est vide.","","","",""
"1","TATA_PANIER_VIDE_DIS_VENTE","caisse","oui","","Ton panier est vide. Dis-moi d'abord ce que tu vends.","","","",""
"1","TATA_PART_POUR_MONTANT","vente","oui","montant"," pour {montant} {devise}","","","",""
"1","TATA_PRIX_DU_TOUT","vente","oui","","Prix du tout.","","","",""
"1","TATA_PRIX_D_UN_SEUL","vente","oui","","Prix d'un seul.","","","",""
"1","TATA_PRIX_EFFACE","vente","oui","","Prix effacé.","","","",""
"1","TATA_PRIX_INCOMPRIS","vente","oui","","Je n'ai pas compris le prix. Redis-moi combien tu as vendu.","","","",""
"1","TATA_PRIX_INCONNU_PRODUIT","vente","oui","produit","Je n'ai pas le prix de {produit}. Redis-moi combien tu l'as vendu.","","","",""
"1","TATA_PRIX_MANQUANT","vente","oui","","Et c'est à combien ?","","Et puis c'est à combien ?","Demande prix (dialoguesTata.ts)",""
"1","TATA_PRIX_UNITE_LIGNE","caisse","oui","produit prix","{produit} : {prix} {devise} l'unité","","","",""
"1","TATA_PRODUIT_POSE","vente","oui","produit montant unite","{produit}, {montant} {devise} le {unite}. C'est sur ton étal.","","","",""
"1","TATA_QUANTITE_LIGNE","caisse","oui","produit quantite","{produit} : {quantite}","","","",""
"1","TATA_QUEL_PRIX","caisse","oui","produit","{produit}. Quel est ton prix ?","","","",""
"1","TATA_QUESTION_CORRECTION","vente","oui","","Qu'est-ce qui est faux ? Change la quantité, ou le prix.","","","",""
"1","TATA_RELECTURE_COMPTE_JUSTE","caisse","oui","total recu","Elle doit {total} {devise}. Elle t'a donné {recu}. Compte juste. Je valide ?","","","",""
"1","TATA_RELECTURE_MONNAIE","caisse","oui","total recu monnaie","Elle doit {total} {devise}. Elle t'a donné {recu}. Tu rends {monnaie}. Je valide ?","","","",""
"1","TATA_REPLI_PRIX_CONNU","vente","oui","montant","Le prix est de {montant} {devise}.","","","",""
"1","TATA_RESUME_PRIX_TOTAL","vente","oui","resume total","{resume} pour {total} {symboleDevise}","","","",""
"1","TATA_RESUME_PRIX_UNITAIRE","vente","oui","resume prix","{resume} à {prix} {symboleDevise}","","","",""
"1","TATA_TOTAL","caisse","oui","total","Total : {total} {devise}","","","",""
"1","TATA_TOTAL_VENTE","caisse","oui","total","Tu as vendu {total} {devise}, sur une vente.","","","",""
"1","TATA_TOTAL_VENTES","caisse","oui","total nombre","Tu as vendu {total} {devise}, sur {nombre} ventes.","","","",""
"1","TATA_TOUCHE_LES_BILLETS","caisse","oui","total","Elle doit {total} {devise}. Touche les billets qu'elle te donne.","","","",""
"1","TATA_UNITE_INCOMPATIBLE","vente","oui","uniteParlee produit uniteCatalogue","Tu dis {uniteParlee}, mais {produit} est au prix du {uniteCatalogue}. Dis-moi combien tu l'as vendu.","","","",""
"1","TATA_VENTES_AUCUNE","caisse","oui","","Le serveur a répondu : tu n'as encore rien vendu.","","","",""
"1","TATA_VENTES_EN_ATTENTE_ENVOI","caisse","oui","nombre","Tu as {nombre} ventes gardées sur le téléphone. Elles ne sont pas encore envoyées, elles ne sont pas perdues.","","","",""
"1","TATA_VENTES_LECTURE_EN_COURS","caisse","oui","","Je vais chercher tes ventes…","","","",""
"1","TATA_VENTES_PARTIES","caisse","oui","nombre","{nombre} ventes gardées sur le téléphone sont parties. Le serveur les a reçues.","","","",""
"1","TATA_VENTES_PARTIES_RESTE","caisse","oui","nombre reste","{nombre} ventes gardées sur le téléphone sont parties. Il en reste {reste} à envoyer.","","","",""
"1","TATA_VENTES_PAS_LUES","caisse","oui","","Je n'ai pas pu lire tes ventes. Ce n'est pas zéro : je n'ai pas pu demander au serveur. Ton argent est là, réessaie.","","","",""
"1","TATA_VENTES_REESSAYER","caisse","oui","","Réessayer de lire mes ventes","","","",""
"1","TATA_VENTE_ECHEC","caisse","oui","","La vente n'a pas pu être enregistrée. Réessaie.","","","",""
"1","TATA_VENTE_ENREGISTREE","caisse","oui","total","Vente enregistrée. {total} {devise}","","","",""
"1","TATA_VENTE_ENREGISTREE_RUPTURE","caisse","oui","total avertissement","Vente enregistrée. {total} {devise}. {avertissement}","","","",""
"1","TATA_VENTE_EN_ATTENTE_ENVOI","caisse","oui","","Tu as une vente gardée sur le téléphone. Elle n'est pas encore envoyée, elle n'est pas perdue.","","","",""
"1","TATA_VENTE_GARDEE_TELEPHONE","caisse","oui","total","Vente gardée sur le téléphone. {total} {devise}. Elle n'est pas encore envoyée. Je l'envoie dès que le réseau revient.","","","",""
"1","TATA_VENTE_GARDEE_TELEPHONE_RUPTURE","caisse","oui","total avertissement","Vente gardée sur le téléphone. {total} {devise}. Elle n'est pas encore envoyée. Je l'envoie dès que le réseau revient. {avertissement}","","","",""
"1","TATA_VENTE_PARTIE","caisse","oui","","Ta vente gardée sur le téléphone est partie. Le serveur l'a reçue.","","","",""
"1","TATA_VENTE_PARTIE_RESTE","caisse","oui","reste","Ta vente gardée sur le téléphone est partie. Il en reste {reste} à envoyer.","","","",""
"1","CAISSE_ETAL_GARDE","caisse","","","Derniers produits gardés sur ce téléphone.","","","",""
"1","GUIDAGE_001","guidage","","","J'ai remarqué que tu préfères me parler. Veux-tu que Julaba s'adapte ?","","","",""
"1","GUIDAGE_002","guidage","","","J'ai remarqué que tu préfères le clavier. Veux-tu que Julaba s'adapte ?","","","",""
"1","QUEST_MEILLEURE_VENTE","questions_caisse","","produit","Ce qui marche le mieux aujourd'hui : {produit}.","","","",""
"1","QUEST_MEILLEURE_VENTE_INCONNUE","questions_caisse","","","Je n'ai pas encore assez de ventes pour te dire ça aujourd'hui.","","","",""
"1","QUEST_MEILLEURE_VENTE_QUANTITE","questions_caisse","","produit quantite","Ce qui marche le mieux aujourd'hui : {produit}, {quantite} vendus.","","","",""
"1","STOCK_046","caisse","","","Je n'ai pas entendu de produit. Dis-moi ce que tu vends.","","","",""
"1","TATA_AJOUT_BOUTIQUE_ECHEC","vente","","","Ça n'a pas marché. Tu pourras l'ajouter depuis Mon stock.","","","",""
"1","TATA_ANNULATION_ETAPE","vente","","","D'accord, on oublie ça. Le panier n'a pas bougé.","","D'accord, on laisse tomber ça. Ton panier n'a pas bougé.","Annulation (dialoguesTata.ts)",""
"1","TATA_CE_PRODUIT","vente","","","ce produit","","","",""
"1","TATA_ERREUR_MOTEUR","vente","","","Ma voix ne marche pas ici. Tape ta vente, je t'accompagne.","","Ma voix ne sort pas là. Tape ta vente sur le clavier, je suis avec toi.","Problème voix (dialoguesTata.ts)",""
"1","TATA_ETAL_VIDE","vente","","","Qu'est-ce que tu vends aujourd'hui ? Touche pour ajouter ton premier produit.","","","",""
"1","TATA_INVITE","vente","","","Touche-moi et dis ce que tu as vendu.","","Appuie sur moi et puis dis-moi ce que tu as vendu au marché.","Invite vente (dialoguesTata.ts)",""
"1","TATA_MESURE_DE_PRODUIT","vente","","mesure produit","{mesure} de {produit}","","","",""
"1","TATA_MICRO_INTRO_PRESELECTION","vente","","produit","Appuie sur le micro, et dis ce que tu as vendu de {produit}.","","","",""
"1","TATA_ON_NE_CHANGE_RIEN","vente","","","D'accord, on ne change rien.","","","",""
"1","TATA_PART_QUANTITE","vente","","quantite","{quantite} ","","","",""
"1","TATA_PRODUIT_AJOUTE_BOUTIQUE","vente","","produit","C'est fait. {produit} est dans ta boutique.","","","",""
"1","TATA_PRODUIT_GENERIQUE","vente","","","produit","","","",""
"1","TATA_PRODUIT_INCONNU_AJOUTER","vente","","produit","Je ne connais pas {produit} dans ta boutique. Je l'ajoute ?","","","",""
"1","TATA_QUANTITE_MANQUANTE","vente","","produit","Combien de {produit} ?","","Combien de tas (ou kilos) de {produit} ?","Demande quantité (dialoguesTata.ts)",""
"1","TATA_QUANTITE_PRODUIT","vente","","quantite produit","{quantite} {produit}","","","",""
"1","TATA_QUANTITE_UNITE_PRODUIT","vente","","quantite unite produit","{quantite} {unite} de {produit}","","","",""
"1","TATA_QUE_VENDRE","vente","","","Que veux-tu vendre ?","","","",""
"1","TATA_REPLI_TOUCHE_PHOTO","vente","","","Touche la photo de ce que tu as vendu.","","","",""
"1","TATA_RIEN_COMPRIS","vente","","","Je n'ai pas bien entendu. Rapproche le téléphone et redis lentement.","","Je n'ai pas bien capté. Rapproche le téléphone de ta bouche et puis parle doucement.","Mauvaise écoute (dialoguesTata.ts)",""
"1","TATA_UNITE_CHOISIE","vente","","unite","Le {unite}.","","","",""
"2","DEPENSE_001","depense","oui","","Attention, le montant est élevé. Vérifie bien.","","Attention, l'argent-là est beaucoup, deh ! Vérifie bien si tu ne t'es pas trompée.","Grosse dépense (DepenseForm.tsx)",""
"2","DEPENSE_002","depense","oui","kpiToday","Aujourd'hui tu as dépensé {kpiToday} francs.","","Aujourd'hui là, {kpiToday} {devise} sont sortis de ta poche.","Total dépenses (MarchandDepenses.tsx)","variables renommées montant → kpiToday"
"2","STOCK_008","stock","oui","qte unite nom prixVente","C'est fait ! {qte} {unite} de {nom} à {prixVente} francs, ajoutés au stock.","","C'est calé ! {qte} {unite} de {nom} à {prixVente} {devise} l'unité sont bien enregistrés.","Création avec prix (GestionStock.tsx)","variables renommées quantité,unité,produit,prix → qte,unite,nom,prixVente"
"2","STOCK_009","stock","oui","nom","{nom} ajouté au stock. Dis-moi son prix quand tu veux.","","","",""
"2","STOCK_012","stock","oui","val","La valeur totale est {val} francs","","","",""
"2","STOCK_013","stock","oui","","Le prix de vente n'est pas bon. Redis le prix.","","","",""
"2","STOCK_015","stock","oui","","Tu n'as pas mis le prix d'achat. On ne pourra pas calculer ton bénéfice.","","Tu n'as pas mis à combien tu as payé ça au gros. On ne pourra pas calculer ton vrai bénéfice.","Manque prix d'achat (GestionStock.tsx)",""
"2","STOCK_024","stock","oui","","Prix de vente","","","",""
"2","STOCK_027","stock","oui","","Prix d'achat, facultatif","","","",""
"2","STOCK_036","stock","oui","totalValue","La valeur totale de ta production est de {totalValue} francs CFA","","","",""
"2","TATA_CONFIRME_DEPENSE","depense","oui","montant produit","Dépense de {montant} {devise}{produit}, c'est bien ça ?","","","",""
"2","TATA_DEPENSE_MONTANT_INCOMPRIS","depense","oui","","Je n'ai pas compris combien tu as dépensé. Redis-moi le montant.","","","",""
"2","DEPENSE_003","depense","","","Tu n'as pas encore de dépense aujourd'hui.","","","",""
"2","STOCK_001","stock","","produit","{produit} ajouté au stock commun.","","","",""
"2","STOCK_002","stock","","","Distribution enregistrée avec succès.","","","",""
"2","STOCK_003","stock","","","Je n'ai pas entendu le nom. Réessaie, s'il te plaît.","","","",""
"2","STOCK_004","stock","","","Quel produit veux-tu ajouter ?","","Quel produit vivrier tu veux faire entrer dans le stock ?","Choix ajout stock (GestionStock.tsx)",""
"2","STOCK_005","stock","","nom","Combien de {nom} veux-tu ajouter ?","","Combien de tas, de sacs ou de kilos de {nom} tu ajoutes ?","Quantité stock (GestionStock.tsx)","variables renommées produit → nom"
"2","STOCK_006","stock","","qte unit name newQty","{qte} {unit} de {name} ajoutés. Tu as maintenant {newQty} {unit}.","","{qte} {unit} de {name} sont rentrés. Ça te fait {newQty} {unit} en magasin maintenant.","Succès réappro (GestionStock.tsx)","variables renommées quantité,unité,produit,total,unité → qte,unit,name,newQty,unit"
"2","STOCK_007","stock","","","Ça n'a pas marché. Réessaie, s'il te plaît.","","","",""
"2","STOCK_010","stock","","","Tous tes stocks sont bons","","Tout ton stock est bien chargé, y'a pas de manque.","État normal stock (GestionStock.tsx)",""
"2","STOCK_011","stock","","low join","{low} produits en stock bas : {join}","","Y'a {low} marchandises qui sont presque finies : {join}.","Alerte stock faible (GestionStock.tsx)","variables renommées N,liste des noms → low,join"
"2","STOCK_014","stock","","","La quantité n'est pas bonne.","","","",""
"2","STOCK_016","stock","","quantity unit name","{quantity} {unit} de {name} ajouté au stock","","","",""
"2","STOCK_017","stock","","","C'est mis à jour.","","","",""
"2","STOCK_018","stock","","reappNum unit name newQty","{reappNum} {unit} de {name} ajoutés. Stock à {newQty} {unit}","","","",""
"2","STOCK_019","stock","","name","{name} supprimé","","","",""
"2","STOCK_020","stock","","","Ça n'a pas marché. Le produit n'est pas supprimé.","","","",""
"2","STOCK_021","stock","","name","{name} mis à jour","","","",""
"2","STOCK_022","stock","","","Ça n'a pas été enregistré. Réessaie, s'il te plaît.","","","",""
"2","STOCK_023","stock","","","Nom du produit","","","",""
"2","STOCK_025","stock","","","Plus de détails","","","",""
"2","STOCK_026","stock","","","Moins de détails","","","",""
"2","STOCK_028","stock","","prenoms","Bienvenue {prenoms} dans ta gestion de production. Je peux t'aider à gérer tes récoltes. Que veux-tu faire ?","","","",""
"2","STOCK_029","stock","","","D'accord ! Dis-moi ce que tu veux faire : ajouter une récolte, modifier une quantité, ou consulter ta production","","","",""
"2","STOCK_030","stock","","","D'accord ! Je reste là si tu as besoin","","","",""
"2","STOCK_031","stock","","quantity name","Parfait ! {quantity} kg de {name} ajouté à ta production","","","",""
"2","STOCK_032","stock","","name quantity unit","Production mise à jour ! {name} : {quantity} {unit}","","","",""
"2","STOCK_033","stock","","","D'accord, action annulée","","","",""
"2","STOCK_034","stock","","quantity unit name","Tu as {quantity} {unit} de {name} en stock","","","",""
"2","STOCK_035","stock","","","Je n'ai pas trouvé ce produit dans ta production","","","",""
"2","STOCK_037","stock","","stocks","Tu as {stocks} produits différents en production","","","",""
"2","STOCK_038","stock","","lowStocks join","Tu as {lowStocks} produits en stock bas : {join}","","","",""
"2","STOCK_039","stock","","quantity unit name","Tu veux ajouter {quantity} {unit} de {name} à ta production actuelle de {quantity} {unit}. Je confirme ?","","","",""
"2","STOCK_040","stock","","quantity productName","Tu veux ajouter {quantity} kg de {productName} à ta production. Je confirme ?","","","",""
"2","STOCK_041","stock","","name","Voici {name}","","","",""
"2","STOCK_042","stock","","","Je n'ai pas compris. Demande-moi d'ajouter une récolte, de consulter ta production, ou de filtrer par catégorie","","","",""
"2","STOCK_043","stock","","name","{name} ajouté avec succès","","","",""
"2","STOCK_044","stock","","name","{name} supprimé de la production","","","",""
"2","TATA_PART_POUR_PRODUIT","depense","","produit"," pour {produit}","","","",""
"2","TATA_RUPTURE","stock","","liste","Attention, il manquait {liste}. Pense à réapprovisionner.","","Attention, deh ! {liste} est presque fini chez toi. Pense à recharger ton stock.","Alerte rupture (ruptureStock.ts)",""
"2","TATA_RUPTURE_LIGNE","stock","","manquant produit","{manquant} {produit}","","","",""
"3","CREDIT_001","credit","oui","","Le montant de l'acompte est invalide","","","",""
"3","CREDIT_002","credit","oui","","L'acompte ne peut pas être égal ou supérieur au total. Enregistre plutôt une vente.","","L'avance qu'elle t'a donnée dépasse ou bien c'est égal au prix total. Enregistre ça comme vente cash directement.","Acompte excessif (CreditModal.tsx)",""
"3","CREDIT_003","credit","oui","total clientNom echeanceLong","Crédit de {total} francs noté pour {clientNom}. Elle rembourse le {echeanceLong}","","Crédit de {total} {devise} bien noté dans le cahier pour {clientNom}. Elle doit verser ça le {echeanceLong}.","Crédit client noté (CreditModal.tsx)","variables renommées total,client,date → total,clientNom,echeanceLong"
"3","CREDIT_005","credit","oui","","L'acompte ne peut pas dépasser le total. Enregistre plutôt une vente.","","","",""
"3","MARCHAND_001","marchand_autre","oui","pointsGagnes points","{pointsGagnes} points ajoutés. Total {points} points.","","","",""
"3","MARCHAND_002","marchand_autre","oui","remise","Récompense appliquée : {remise} francs de remise.","","","",""
"3","MARCHAND_005","marchand_autre","oui","FR","Ta caisse : {FR} francs","","","",""
"3","MARCHAND_006","marchand_autre","oui","montant newValue","{montant} Francs CFA ajoutés. Total : {newValue} Francs CFA","","","",""
"3","MARCHAND_007","marchand_autre","oui","montant","Ta journée est ouverte avec {montant} Francs CFA","","Ta journée de marché est ouverte avec {montant} {devise} comme fond de caisse.","Ouverture journée (MarchandModals.tsx)",""
"3","MARCHAND_008","marchand_autre","oui","montant","Ton fond de caisse est maintenant de {montant} Francs CFA","","Ton fond de caisse est monté à {montant} {devise} maintenant. »5. Mobile Money, Keiwa Wallet &amp; Dashboard","Fond de caisse mis à jour (MarchandModals.tsx)",""
"3","MARCHAND_009","marchand_autre","oui","","Compte l'argent de ta boîte, puis entre le montant que tu as trouvé.","","","",""
"3","MARCHAND_010","marchand_autre","oui","prixContreOffre unite","Contre-offre acceptée : {prixContreOffre} FCFA/{unite}","","","",""
"3","MARCHAND_017","marchand_autre","oui","productName montant texteMarge quand","{productName} : {montant} francs{texteMarge}, le {quand}.","","","",""
"3","MARCHAND_018","marchand_autre","oui","totalVentes totalCount s","Tu as vendu {totalVentes} francs en tout, sur {totalCount} vente{s}.","","","",""
"3","MARCHAND_020","marchand_autre","oui","totalVentes totalCount s","Tu as vendu {totalVentes} francs, sur {totalCount} vente{s}.","","","",""
"3","MARCHAND_021","marchand_autre","oui","","C'est bien payé ? Touche encore pour confirmer.","","","",""
"3","MARCHAND_025","marchand_autre","oui","FR","Bravo ! Tu es à 80% de ton objectif. Plus que {FR} FCFA, allez courage !","","","",""
"3","MARCHAND_027","marchand_autre","oui","montant","Super ! Ton objectif du jour est fixé à {montant} FCFA. Bonne chance ma chère !","","","",""
"3","MARCHAND_ENVOI_TOMBE_ACTION","marchand_autre","oui","","Ça n'est pas parti, le réseau a coupé. Rien n'a changé. Recommence dans un moment.","","","",""
"3","MARCHAND_HORS_LIGNE_ACTION","marchand_autre","oui","","Tu n'as pas de réseau. Je n'ai rien envoyé. Recommence quand le réseau revient.","","","",""
"3","TATA_VENTE_CREDIT_ENREGISTREE","credit","oui","total","Vente à crédit enregistrée. {total} {devise}","","","",""
"3","ACCUEIL_01","marchand_autre","","","Ton comptoir est prêt. On vend ensemble aujourd'hui.","","","",""
"3","ACCUEIL_02","marchand_autre","","","Le montant de ta caisse est affiché ici. Touche l'œil pour le cacher.","","","",""
"3","ACCUEIL_03","marchand_autre","","","Te voilà chez toi. Le grand bouton vert, c'est pour vendre.","","","",""
"3","ACCUEIL_04","marchand_autre","","","Mode soleil : tout est plus grand.","","","",""
"3","ACCUEIL_05","marchand_autre","","","Mode normal.","","","",""
"3","ACCUEIL_06","marchand_autre","","","Tes montants sont cachés. Touche l'œil pour les revoir.","","","",""
"3","ACCUEIL_COMPTOIR","marchand_autre","","","Ton comptoir est prêt. On vend ensemble aujourd'hui.","","","",""
"3","CREDIT_004","credit","","","Dis-moi d'abord le nom du client.","","Donne-moi d'abord le nom de la cliente.","Nom client (CreditModal.tsx)",""
"3","MARCHAND_003","marchand_autre","","","Mode soleil : tout est plus grand.","","","",""
"3","MARCHAND_004","marchand_autre","","","Mode normal.","","","",""
"3","MARCHAND_011","marchand_autre","","message","Erreur : {message}","","","",""
"3","MARCHAND_012","marchand_autre","","","Tu as reçu le pot de la tontine","","","",""
"3","MARCHAND_013","marchand_autre","","","Cotisation enregistrée, le pot a été distribué","","","",""
"3","MARCHAND_014","marchand_autre","","","Cotisation enregistrée","","","",""
"3","MARCHAND_015","marchand_autre","","","Tontine créée. Chaque membre peut maintenant cotiser.","","","",""
"3","MARCHAND_016","marchand_autre","","","Je n'ai pas pu annuler cette vente.","","","",""
"3","MARCHAND_019","marchand_autre","","","Tu n'as pas encore de vente.","","","",""
"3","MARCHAND_022","marchand_autre","","","Veux-tu vraiment annuler cette vente ? Le stock sera rendu.","","","",""
"3","MARCHAND_023","marchand_autre","","","Vente annulée. Le stock a été rendu.","","","",""
"3","MARCHAND_024","marchand_autre","","","Félicitations ! Tu as atteint 50% de ton objectif. Continue ma chère, tu es sur la bonne voie !","","","",""
"3","MARCHAND_026","marchand_autre","","","Incroyable ! Tu as atteint ton objectif du jour ! Tu es trop forte ma chère !","","","",""
"3","MARCHAND_028","marchand_autre","","","Tes montants sont cachés.","","","",""
"3","MARCHAND_029","marchand_autre","","","Contre-offre acceptée.","","","",""
"4","CLIP_UI_036","moteur_vocal","oui","","Entre un montant valide","","","",""
"4","CLIP_UI_063","moteur_vocal","oui","","Le montant doit être un multiple de 100 francs","","Le montant doit finir par cent {devise} net (cent, deux-cents, cinq-cents).","Règle coupure (WithdrawWalletModal.tsx)",""
"4","CLIP_UI_064","moteur_vocal","oui","","Le montant doit être un multiple de 5 francs","","","",""
"4","CLIP_UI_065","moteur_vocal","oui","","Le montant minimum est de 200 FCFA","","","",""
"4","CLIP_UI_066","moteur_vocal","oui","","Le montant saisi est invalide","","","",""
"4","CLIP_UI_080","moteur_vocal","oui","","Montant invalide","","","",""
"4","CLIP_UI_099","moteur_vocal","oui","","Prix invalide","","","",""
"4","CLIP_UI_109","moteur_vocal","oui","","Retour au choix du montant","","","",""
"4","CLIP_UI_111","moteur_vocal","oui","","Retrait confirmé ! Ton solde a été mis à jour.","","Le retrait est passé net ! Le nouveau point de ton argent est affiché.","Retrait réussi (WithdrawWalletModal.tsx)",""
"4","CLIP_UI_114","moteur_vocal","oui","","Saisir un autre montant","","","",""
"4","CLIP_UI_116","moteur_vocal","oui","","Saisis une quantité valide","","","",""
"4","CLIP_UI_118","moteur_vocal","oui","","Solde insuffisant","","Ton argent ne suffit pas pour faire ce retrait.","Manque d'argent (WithdrawWalletModal.tsx)",""
"4","CORE_ERR_03","moteur_vocal","oui","","Dis oui pour valider, ou non pour annuler.","","Dis oui pour confirmer, ou bien dis non pour laisser tomber.","CORE_ERR_03 · Choix oui/non",""
"4","CLIP_UI_001","moteur_vocal","","","Alertes basses ignorées","","","",""
"4","CLIP_UI_002","moteur_vocal","","","Au revoir. Déconnexion du Back-Office.","","","",""
"4","CLIP_UI_003","moteur_vocal","","","Besoin mis à jour","","","",""
"4","CLIP_UI_004","moteur_vocal","","","Bienvenue sur le terminal de vente. Ajoute tes produits au panier","","","",""
"4","CLIP_UI_005","moteur_vocal","","","Bonjour ! Tu veux écrire ou parler avec moi ?","","","",""
"4","CLIP_UI_006","moteur_vocal","","","Bonne réponse !","","","",""
"4","CLIP_UI_007","moteur_vocal","","","Ce client a droit à sa récompense !","","","",""
"4","CLIP_UI_008","moteur_vocal","","","Chargement du document en cours","","","",""
"4","CLIP_UI_009","moteur_vocal","","","Choisissez un nouveau document","","","",""
"4","CLIP_UI_010","moteur_vocal","","","Combien tu as en caisse ce matin ?","","Combien tu as trouvé dans ta caisse ce matin pour démarrer le marché ?","Contrôle matin (RoleDashboard.tsx)",""
"4","CLIP_UI_011","moteur_vocal","","","Commande annulée","","","",""
"4","CLIP_UI_012","moteur_vocal","","","Commande marquée comme livrée","","","",""
"4","CLIP_UI_013","moteur_vocal","","","Commande refusée.","","","",""
"4","CLIP_UI_014","moteur_vocal","","","Commandes livrées","","","",""
"4","CLIP_UI_015","moteur_vocal","","","Commandes urgentes","","","",""
"4","CLIP_UI_016","moteur_vocal","","","Connexion refusée. Vérifie tes identifiants.","","","",""
"4","CLIP_UI_017","moteur_vocal","","","Connexion rétablie","","","",""
"4","CLIP_UI_018","moteur_vocal","","","Contact mis à jour","","","",""
"4","CLIP_UI_019","moteur_vocal","","","Contre-offre refusée.","","","",""
"4","CLIP_UI_020","moteur_vocal","","","Contre-proposition envoyée","","","",""
"4","CLIP_UI_021","moteur_vocal","","","Création de plantation agricole","","","",""
"4","CLIP_UI_022","moteur_vocal","","","Création en cours...","","","",""
"4","CLIP_UI_023","moteur_vocal","","","Demande acceptée","","","",""
"4","CLIP_UI_024","moteur_vocal","","","Demande refusée","","","",""
"4","CLIP_UI_025","moteur_vocal","","","Document chargé avec succès. En attente de vérification","","","",""
"4","CLIP_UI_026","moteur_vocal","","","Document sauvegardé avec succès","","","",""
"4","CLIP_UI_027","moteur_vocal","","","Document supprimé","","","",""
"4","CLIP_UI_028","moteur_vocal","","","Document tourné","","","",""
"4","CLIP_UI_029","moteur_vocal","","","Début de la formation","","","",""
"4","CLIP_UI_030","moteur_vocal","","","Déclaration de récolte","","","",""
"4","CLIP_UI_031","moteur_vocal","","","Déclarer une récolte","","","",""
"4","CLIP_UI_032","moteur_vocal","","","Déconnexion en cours","","","",""
"4","CLIP_UI_033","moteur_vocal","","","Dépense de","","","",""
"4","CLIP_UI_034","moteur_vocal","","","Dépense enregistrée","","","",""
"4","CLIP_UI_035","moteur_vocal","","","Entre ton code secret à 4 chiffres","","","",""
"4","CLIP_UI_038","moteur_vocal","","","Erreur de synchronisation. Fiche sauvegardée localement.","","","",""
"4","CLIP_UI_039","moteur_vocal","","","Erreur lors de l'enregistrement","","","",""
"4","CLIP_UI_040","moteur_vocal","","","Erreur lors de l'enregistrement de la vente","","","",""
"4","CLIP_UI_042","moteur_vocal","","","Erreur lors de la modification","","","",""
"4","CLIP_UI_043","moteur_vocal","","","Erreur lors de la publication","","","",""
"4","CLIP_UI_044","moteur_vocal","","","Erreur lors de la publication, réessaie","","","",""
"4","CLIP_UI_045","moteur_vocal","","","Erreur lors du rechargement","","","",""
"4","CLIP_UI_046","moteur_vocal","","","Erreur lors du retrait","","","",""
"4","CLIP_UI_047","moteur_vocal","","","Erreur réseau. Réessaie.","","","",""
"4","CLIP_UI_048","moteur_vocal","","","Erreur, réessaie","","","",""
"4","CLIP_UI_049","moteur_vocal","","","Export en cours","","","",""
"4","CLIP_UI_050","moteur_vocal","","","Fiche mise à jour","","","",""
"4","CLIP_UI_051","moteur_vocal","","","Fiche mise à jour et synchronisée","","","",""
"4","CLIP_UI_052","moteur_vocal","","","Format de fichier invalide. Utilise une image.","","","",""
"4","CLIP_UI_053","moteur_vocal","","","Identité mise à jour","","","",""
"4","CLIP_UI_054","moteur_vocal","","","Image trop lourde. Maximum 2 mégaoctets.","","","",""
"4","CLIP_UI_055","moteur_vocal","","","Indique le nom du produit","","","",""
"4","CLIP_UI_056","moteur_vocal","","","Informations personnelles enregistrées avec succès","","","",""
"4","CLIP_UI_057","moteur_vocal","","","J'ai compris","","","",""
"4","CLIP_UI_058","moteur_vocal","","","Je n'ai pas compris. Tape ton numéro, ou réessaie.","","","",""
"4","CLIP_UI_060","moteur_vocal","","","La commande du marchand a été acceptée.","","","",""
"4","CLIP_UI_061","moteur_vocal","","","La quantité doit être supérieure à zéro","","","",""
"4","CLIP_UI_067","moteur_vocal","","","Le produit a été retiré de votre marketplace.","","","",""
"4","CLIP_UI_068","moteur_vocal","","","Le stock disponible ne peut pas dépasser la quantité totale de la récolte","","","",""
"4","CLIP_UI_069","moteur_vocal","","","Livraison déclarée. Le marchand va confirmer la réception.","","","",""
"4","CLIP_UI_070","moteur_vocal","","","Ma Plantation","","","",""
"4","CLIP_UI_071","moteur_vocal","","","Mes revenus","","","",""
"4","CLIP_UI_072","moteur_vocal","","","Mes récoltes","","","",""
"4","CLIP_UI_073","moteur_vocal","","","Mode hors ligne","","","",""
"4","CLIP_UI_074","moteur_vocal","","","Mode édition activé","","","",""
"4","CLIP_UI_075","moteur_vocal","","","Modification en cours...","","","",""
"4","CLIP_UI_076","moteur_vocal","","","Modifications annulées","","","",""
"4","CLIP_UI_077","moteur_vocal","","","Modifier la récolte","","","",""
"4","CLIP_UI_078","moteur_vocal","","","Mon Historique de ventes","","","",""
"4","CLIP_UI_079","moteur_vocal","","","Mon Marché","","","",""
"4","CLIP_UI_082","moteur_vocal","","","Numéro Mobile Money invalide. Dix chiffres requis","","","",""
"4","CLIP_UI_083","moteur_vocal","","","Numéro de téléphone invalide. Format attendu : 07XXXXXXXX","","Le numéro de téléphone n'est pas bon. Faut mettre les dix chiffres comme 07XXXXXXXX.","Téléphone crédit faux (CreditModal.tsx)",""
"4","CLIP_UI_084","moteur_vocal","","","Ouverture de ton Wallet Jùlaba","","","",""
"4","CLIP_UI_087","moteur_vocal","","","Ouverture des détails de la certification JULABA","","","",""
"4","CLIP_UI_088","moteur_vocal","","","Ouverture du Wallet Jùlaba","","","",""
"4","CLIP_UI_089","moteur_vocal","","","Ouvre le formulaire de rechargement Mobile Money","","","",""
"4","CLIP_UI_090","moteur_vocal","","","Ouvre le formulaire de retrait Mobile Money","","","",""
"4","CLIP_UI_091","moteur_vocal","","","Ouvre ta journée pour activer ta caisse","","","",""
"4","CLIP_UI_092","moteur_vocal","","","Paiement confirmé ! Ton Keiwa est rechargé.","","L'argent est bien rentré ! Ton compte Keiwa est chargé net.","Keiwa rechargé (RechargeWalletModal.tsx)",""
"4","CLIP_UI_093","moteur_vocal","","","Paiement en cours — confirme sur ton téléphone","","Le transfert est lancé — faut valider avec ton code secret sur ton téléphone.","Confirmation tel (WithdrawWalletModal.tsx)",""
"4","CLIP_UI_094","moteur_vocal","","","Paiement récupéré ! L'argent est dans ton Keiwa.","","","",""
"4","CLIP_UI_095","moteur_vocal","","","Paramètres sauvegardés","","","",""
"4","CLIP_UI_097","moteur_vocal","","","Photo modifiée","","","",""
"4","CLIP_UI_098","moteur_vocal","","","Plantation créée avec succès !","","","",""
"4","CLIP_UI_100","moteur_vocal","","","Problème avec le micro — réessaie","","","",""
"4","CLIP_UI_101","moteur_vocal","","","Publication en cours...","","","",""
"4","CLIP_UI_102","moteur_vocal","","","Publication modifiée avec succès !","","","",""
"4","CLIP_UI_103","moteur_vocal","","","Publication sur le marché en cours","","","",""
"4","CLIP_UI_104","moteur_vocal","","","Quantité invalide","","","",""
"4","CLIP_UI_106","moteur_vocal","","","Recharger votre keiwa","","","",""
"4","CLIP_UI_107","moteur_vocal","","","Remplis tous les champs obligatoires","","","",""
"4","CLIP_UI_110","moteur_vocal","","","Retour au choix du service","","","",""
"4","CLIP_UI_112","moteur_vocal","","","Réception confirmée. Passons au paiement.","","","",""
"4","CLIP_UI_113","moteur_vocal","","","Récolte publiée avec succès !","","","",""
"4","CLIP_UI_115","moteur_vocal","","","Saisis le nom du produit","","","",""
"4","CLIP_UI_117","moteur_vocal","","","Signalement de problème","","","",""
"4","CLIP_UI_119","moteur_vocal","","","Suivre une nouvelle plantation","","","",""
"4","CLIP_UI_120","moteur_vocal","","","Ta demande a été envoyée","","","",""
"4","CLIP_UI_121","moteur_vocal","","","Ton streak a été réinitialisé","","","",""
"4","CLIP_UI_122","moteur_vocal","","","Ton streak est sauvé grâce au bouclier !","","","",""
"4","CLIP_UI_123","moteur_vocal","","","Toute ta production est au-dessus du seuil. Tout va bien !","","","",""
"4","CLIP_UI_124","moteur_vocal","","","Toutes les commandes","","","",""
"4","CLIP_UI_125","moteur_vocal","","","Trop de tentatives incorrectes. Réessaie dans 5 minutes.","","","",""
"4","CLIP_UI_126","moteur_vocal","","","Tu vas être redirigé vers Wave pour confirmer le paiement","","L'application t'envoie sur Wave pour taper ton code et valider le paiement.","Redirection Wave (RechargeWalletModal.tsx)",""
"4","CLIP_UI_127","moteur_vocal","","","Téléchargement de la carte","","","",""
"4","CLIP_UI_128","moteur_vocal","","","Vente confirmée","","","",""
"4","CLIP_UI_129","moteur_vocal","","","Vente refusée","","","",""
"4","CLIP_UI_130","moteur_vocal","","","Verso de la carte","","","",""
"4","CLIP_UI_131","moteur_vocal","","","Voici tes céréales en production","","","",""
"4","CLIP_UI_132","moteur_vocal","","","Voici tes fruits en production","","","",""
"4","CLIP_UI_133","moteur_vocal","","","Voici tes légumes en production","","","",""
"4","CLIP_UI_134","moteur_vocal","","","Voici tes tubercules en production","","","",""
"4","CLIP_UI_135","moteur_vocal","","","Voici tous tes produits en production","","","",""
"4","CLIP_UI_136","moteur_vocal","","","Votre besoin a été soumis à la coopérative","","","",""
"4","CLIP_UI_137","moteur_vocal","","","À bientôt sur Jùlaba","","","",""
"4","CORE_001","moteur_vocal","","","Laisse-moi voir...","","","",""
"4","CORE_002","moteur_vocal","","","Je traite ça...","","","",""
"4","CORE_003","moteur_vocal","","","Attends un moment...","","","",""
"4","CORE_004","moteur_vocal","","","Un instant, j'enregistre...","","","",""
"4","CORE_005","moteur_vocal","","","Excuse-moi, je recommence...","","","",""
"4","CORE_006","moteur_vocal","","","Un instant, je réessaie...","","","",""
"4","CORE_007","moteur_vocal","","","Je réfléchis encore...","","","",""
"4","CORE_008","moteur_vocal","","","D'accord !","","","",""
"4","CORE_009","moteur_vocal","","","Voilà !","","","",""
"4","CORE_010","moteur_vocal","","","Ça marche !","","","",""
"4","CORE_011","moteur_vocal","","","Top !","","","",""
"4","CORE_012","moteur_vocal","","","Bravo, continue comme ça !","","","",""
"4","CORE_013","moteur_vocal","","","Super, tu travailles bien !","","","",""
"4","CORE_014","moteur_vocal","","","Excellent !","","","",""
"4","CORE_015","moteur_vocal","","","Tu gères bien !","","","",""
"4","CORE_016","moteur_vocal","","","C'est du bon travail !","","","",""
"4","CORE_017","moteur_vocal","","","Cette réponse est affichée. Son clip Tantie Nanti Lou n’est pas encore enregistré.","","","",""
"4","CORE_018","moteur_vocal","","lang","Le pack vocal {lang} n’est pas encore installé. Le texte reste disponible, sans utiliser Internet.","","","",""
"4","CORE_019","moteur_vocal","","","Analyse en cours...","","","",""
"4","CORE_020","moteur_vocal","","","Enregistrement impossible.","","","",""
"4","CORE_021","moteur_vocal","","","J'écoute...","","","",""
"4","CORE_022","moteur_vocal","","","Je prépare ta voix…","","","",""
"4","CORE_023","moteur_vocal","","","Je n'ai pas réussi à t'écouter, réessaie.","","","",""
"4","CORE_024","moteur_vocal","","","Je n'ai pas réussi, réessaie.","","","",""
"4","CORE_025","moteur_vocal","","","Micro non accessible dans cette application. Ouvre Jùlaba dans Safari ou Chrome pour utiliser la voix.","","","",""
"4","CORE_026","moteur_vocal","","","Microphone inaccessible. Vérifie les permissions.","","","",""
"4","CORE_027","moteur_vocal","","","Accès au micro refusé. Autorise le micro pour Jùlaba dans les réglages de ton téléphone.","","","",""
"4","CORE_028","moteur_vocal","","","Micro introuvable ou déjà utilisé par une autre application. Vérifie ton micro et réessaie.","","","",""
"4","CORE_ACK_01","moteur_vocal","","","C'est fait !","","C'est fait net !","CORE_ACK_01 · Accusé",""
"4","CORE_ACK_02","moteur_vocal","","","Bien reçu !","","C'est bien reçu !","CORE_ACK_02 · Accusé",""
"4","CORE_ACK_03","moteur_vocal","","","Je note ça !","","J'ai calé ça !","CORE_ACK_03 · Accusé",""
"4","CORE_ACK_04","moteur_vocal","","","C'est noté !","","C'est noté deh !","CORE_ACK_04 · Accusé",""
"4","CORE_ACK_05","moteur_vocal","","","C'est enregistré !","","C'est bien enregistré !","CORE_ACK_05 · Accusé",""
"4","CORE_ACK_06","moteur_vocal","","","C'est noté, ta vente est bien enregistrée.","","C'est calé, ta vente est bien entrée dans la machine.","CORE_ACK_06 · Vente validée",""
"4","CORE_ACK_07","moteur_vocal","","","D'accord, j'annule. Pas de souci.","","D'accord, j'annule ça. Y'a pas de souci.","CORE_ACK_07 · Annulation",""
"4","CORE_ERR_01","moteur_vocal","","","Je n'ai pas bien compris. Redis-moi ça autrement, s'il te plaît.","","Je n'ai pas bien capté. Faut me redire ça autrement, s'il te plaît.","CORE_ERR_01 · Non compris",""
"4","CORE_ERR_02","moteur_vocal","","","Je n'ai rien entendu. Réessaie, parle un peu plus fort.","","Je n'ai rien entendu, deh. Réessaie en haussant un peu la voix.","CORE_ERR_02 · Silence",""
"4","CORE_ERR_04","moteur_vocal","","","Touche Oui ou Non à l'écran, s'il te plaît.","","Appuie sur Oui ou sur Non sur l'écran.","CORE_ERR_04 · Choix écran",""
"4","CORE_SYS_01","moteur_vocal","","","Je prépare ta voix, un petit instant.","","Je chauffe ma voix un coup, patiente deux minutes.","CORE_SYS_01 · Moteur vocal",""
"4","CORE_SYS_02","moteur_vocal","","","Je n'ai pas réussi à préparer ta voix. Vérifie le réseau et réessaie.","","La voix n'est pas sortie. Regarde ton réseau et puis réessaie. »3. Vente Vocale, Caisse &amp; Vivrier Marchand","CORE_SYS_02 · Erreur réseau",""
"4","CORE_WAIT_01","moteur_vocal","","","Je réfléchis...","","Je regarde ça un coup...","CORE_WAIT_01 · Attente",""
"4","CORE_WAIT_02","moteur_vocal","","","Un instant...","","Attends deux minutes...","CORE_WAIT_02 · Attente",""
"4","CORE_WAIT_03","moteur_vocal","","","Je vois ça...","","Je vérifie ça tout de suite...","CORE_WAIT_03 · Attente",""
"4","CORE_WAIT_04","moteur_vocal","","","Je m'en occupe...","","Je gère ça pour toi...","CORE_WAIT_04 · Attente",""
"4","CORE_WAIT_05","moteur_vocal","","","Je calcule ça...","","Je fais le point...","CORE_WAIT_05 · Calcul",""
"4","CORE_WAIT_06","moteur_vocal","","","Je note ta vente...","","J'enregistre ta vente là tout de suite...","CORE_WAIT_06 · Vente",""
"4","CORE_WAIT_07","moteur_vocal","","","Laisse-moi réessayer...","","Laisse-moi relancer encore...","CORE_WAIT_07 · Réessai",""
"4","PARTAGE_001","partage","","","Ouverture des détails de la carte d'identité","","","",""
"4","PARTAGE_002","partage","","","Ouverture des détails de l'attestation d'activité","","","",""
"4","PARTAGE_003","partage","","prenoms nom label","Fiche de {prenoms} {nom}, {label}","","","",""
"4","PARTAGE_004","partage","","montantFormate modePaiement","Paiement de {montantFormate} validé par {modePaiement}.","","","",""
"4","PARTAGE_005","partage","","","Journée réduite","","","",""
"4","PARTAGE_006","partage","","","Détails de la journée","","","",""
"4","PARTAGE_007","partage","","label description points","{label}. {description}. Cela te rapportera {points} points","","","",""
"4","REGLAGE_VOIX_COMPLET","moteur_vocal","","","D'accord. Je te dis tout.","","","",""
"4","REGLAGE_VOIX_ESSENTIEL","moteur_vocal","","","D'accord. Je dirai seulement l'argent et les comptes.","","","",""
"4","TATA_LISTE_ET","partage","",""," et ","","","",""
"4","TATA_LISTE_VIRGULE","partage","","",", ","","","",""
"5","CONTEXTE_001","contexte","oui","fondRetenu","Ta journée est déjà ouverte avec {fondRetenu} francs. Pour changer ce montant, touche Modifier le fond.","","","",""
"5","AKWABA_ACCUEIL","auth","","","Akwaba. Pour vendre, touche un produit, ou parle à Tantie Nanti Lou. On est ensemble.","","","",""
"5","AKWABA_RETOUR","auth","","","Re-bonjour ! On y va.","","","",""
"5","AUTH_001","auth","","","Tape le code que tu as reçu, puis choisis ton code secret à quatre chiffres. Personne d'autre ne doit le connaître.","","","",""
"5","AUTH_002","auth","","","Compte activé ! Tu peux maintenant te connecter avec ton code.","","","",""
"5","AUTH_003","auth","","","Effacé.","","","",""
"5","AUTH_004","auth","","","Voilà, tu peux parler maintenant. Touche le micro et dis ton numéro.","","","",""
"5","AUTH_005","auth","","","Maintenant, des images à la place des chiffres.","","","",""
"5","AUTH_006","auth","","","Retour aux chiffres.","","","",""
"5","AUTH_007","auth","","","C'est fait. Je m'adapte à toi.","","","",""
"5","AUTH_008","auth","","","Pour que je puisse t'écouter, je vérifie ma voix. Touche le bouton, ou tape ton numéro.","","","",""
"5","AUTH_009","auth","","prenom","{prenom}, veux-tu que Tantie Nanti Lou te reconnaisse la prochaine fois ? Ce sera plus rapide.","","","",""
"5","AUTH_01","auth","","","Bonjour ma fille. Moi, c'est Tantie Nanti Lou. Viens, je vais te montrer.","","Bonjour ma fille. Moi, c'est Tantie Nanti Lou. Viens, je vais te montrer comment on fait.","01 · Premier accueil",""
"5","AUTH_010","auth","","","C'est fait ! La prochaine fois, ton téléphone te reconnaîtra.","","","",""
"5","AUTH_011","auth","","","Ta session a expiré. Reconnecte-toi, puis on réessaiera.","","","",""
"5","AUTH_012","auth","","","Ça n'a pas marché ici. Tu pourras réessayer plus tard dans les réglages.","","","",""
"5","AUTH_013","auth","","","retour","","","",""
"5","AUTH_014","auth","","","accueil","","","",""
"5","AUTH_015","auth","","","Code correct. Action confirmée","","","",""
"5","AUTH_016","auth","","attempts","Code incorrect. {attempts} tentative(s) restante(s)","","","",""
"5","AUTH_017","auth","","version build","Version {version}, {build}","","","",""
"5","AUTH_02","auth","","","Eh, ma fille ! Te voilà. On continue ?","","Eh, ma fille ! Te voilà. On continue, non ?","02 · Retour",""
"5","AUTH_03","auth","","","Chaque vente, tu la mets ici. Comme ça, tu n'oublies rien, et tes comptes sont là.","","Chaque vente, tu mets ça ici. Comme ça là, tu n'oublies rien et tout ton point est là.","03 · Présenter son aide",""
"5","AUTH_04","auth","","","Bon, pour commencer, appuie ici.","","Bon, pour commencer là, appuie ici.","04 · Commencer",""
"5","AUTH_05","auth","","","Mets ton numéro de téléphone ici.","","Mets ton numéro de téléphone ici.","05 · Demander le numéro",""
"5","AUTH_06","auth","","","Tu peux aussi me le dire. Appuie sur le micro d'abord.","","Tu peux me dicter aussi, hein. Appuie sur le micro d'abord.","06 · Proposer la voix",""
"5","AUTH_07","auth","","","Dis les chiffres doucement doucement, un par un.","","Dis les chiffres doucement doucement, un à un.","07 · Expliquer la dictée",""
"5","AUTH_08","auth","","","Tu veux réécouter ? Appuie ici.","","Tu veux réécouter ça ? Appuie ici.","08 · Écouter le numéro",""
"5","AUTH_09","auth","","","C'est bien ton numéro ? Appuie ici pour continuer.","","C'est bien ton numéro, non ? Appuie ici pour avancer.","09 · Confirmer",""
"5","AUTH_10","auth","","","Tu t'es trompée ? C'est rien, y'a pas problème. Appuie ici pour effacer.","","Tu t'es trompée ? Y'a pas problème, c'est rien. Appuie ici pour effacer.","10 · Corriger",""
"5","AUTH_11","auth","","","Il manque encore des chiffres. Continue.","","Il manque encore des chiffres dedans. Continue.","11 · Numéro incomplet",""
"5","AUTH_12","auth","","","Regarde bien, il y a un chiffre qui ne va pas.","","Regarde bien, y'a un chiffre qui n'est pas bon dedans.","12 · Numéro invalide",""
"5","AUTH_13","auth","","","Je n'ai pas bien entendu. Redis-le, doucement.","","Je n'ai pas bien entendu, deh. Redis-moi ça doucement.","13 · Dictée mal comprise",""
"5","AUTH_14","auth","","","Si tu veux, tape ton numéro ici.","","Si tu veux, tape ton numéro directement ici.","14 · Proposer le clavier",""
"5","AUTH_15","auth","","","Pour que je t'entende, appuie sur Autoriser.","","Pour que je puisse bien t'entendre, appuie sur ""Autoriser"".","15 · Autorisation micro",""
"5","AUTH_16","auth","","","Le micro ne marche pas là. Tape ton numéro ici.","","Le micro ne prend pas là. Faut taper ton numéro ici.","16 · Micro indisponible",""
"5","AUTH_17","auth","","","C'est bon. Appuie sur le micro, et parle.","","C'est bon maintenant. Appuie sur le micro et puis parle.","17 · Micro disponible",""
"5","AUTH_18","auth","","","Attends un peu, je regarde.","","Attends un peu, je vérifie ça pour toi.","18 · Vérification",""
"5","AUTH_19","auth","","","Bon, mets les quatre chiffres de ton code.","","Bon, mets les quatre chiffres de ton code secret.","19 · Code en chiffres",""
"5","AUTH_20","auth","","","Appuie sur tes quatre images, une par une, dans l'ordre.","","Appuie sur tes quatre photos, une à une, comme tu avais choisi là.","20 · Code en images",""
"5","AUTH_21","auth","","","Voilà les images à la place des chiffres. Ton code n'a pas changé.","","Voilà les photos qui sont sorties à la place des chiffres. Ton code n'a pas changé.","21 · Passage aux images",""
"5","AUTH_22","auth","","","Et voilà les chiffres. Mets ton code comme avant.","","Voilà les chiffres maintenant. Mets ton code comme d'habitude.","22 · Retour aux chiffres",""
"5","AUTH_23","auth","","","Ton code, c'est pour toi seule. Faut pas le dire à quelqu'un.","","Ton code là, c'est pour toi seule. Faut jamais montrer ou dire ça à quelqu'un.","23 · Discrétion",""
"5","AUTH_24","auth","","","C'est effacé.","","C'est effacé net.","24 · Effacement",""
"5","AUTH_25","auth","","","Appuie ici. Ton téléphone va te dire quoi faire.","","Appuie ici. Ton propre téléphone va te guider.","25 · Entrer avec téléphone",""
"5","AUTH_26","auth","","","Ça n'a pas marché. On fait avec ton code.","","Ça n'a pas pris. On passe par ton code directement.","26 · Reconnaissance échouée",""
"5","AUTH_27","auth","","","Ce n'est pas toi ? Y'a pas problème, appuie ici pour mettre ton numéro.","","Ce n'est pas toi ? Y'a pas problème, appuie ici pour taper ton numéro.","27 · Autre personne",""
"5","AUTH_28","auth","","","Le numéro ou le code n'est pas bon. Regarde bien pour reprendre.","","Le numéro ou le code n'est pas bon, deh. Regarde bien avant de reprendre.","28 · Erreur identifiant",""
"5","AUTH_29","auth","","","Attention, il te reste un seul essai. Prends ton temps.","","Attention, hein ! Il te reste une seule chance. Prends bien ton temps.","29 · Dernier essai",""
"5","AUTH_30","auth","","","Tu as essayé trop de fois. Attends un peu avant de reprendre.","","Tu as trop forcé. Patiente un peu d'abord avant de réessayer.","30 · Trop de tentatives",""
"5","AUTH_31","auth","","","Ma fille, là c'est bloqué. Faut voir ton agent pour t'aider.","","Ma fille, là c'est bloqué net. Faut aller voir ton agent pour te débloquer.","31 · Accès bloqué",""
"5","AUTH_32","auth","","","Eh, ça ne passe pas là. Réessaie dans un petit moment.","","Eh, le réseau ne passe pas là ! Réessaie dans un petit moment.","32 · Connexion impossible",""
"5","AUTH_33","auth","","","Ça prend un peu de temps. Patiente, je réessaie.","","Ça pèse un peu. Patiente, je suis en train de relancer.","33 · Tentative auto",""
"5","AUTH_34","auth","","","Maintenant, choisis ton propre code. C'est pour toi seule.","","Maintenant là, choisis ton propre code secret. C'est pour toi seule, hein.","34 · Nouveau code",""
"5","AUTH_35","auth","","","D'accord, on va faire comme ça.","","D'accord, c'est calé comme ça.","35 · Choix enregistré",""
"5","AUTH_36","auth","","","D'accord, on continue comme avant.","","D'accord, on continue comme d'habitude.","36 · Choix conservé",""
"5","AUTH_37","auth","","","Voilà, ma fille. On y va !","","Voilà, ma fille. Allons-y ! »2. Pipeline Vocal Core (Attentes, accusés et alertes système)","37 · Fin de l'accueil",""
"5","ENTREE_CODE","auth","","","Entre ton code secret à quatre chiffres.","","","",""
"5","ENTREE_CONNEXION","auth","","","La connexion ne passe pas pour le moment. Attends un peu, puis réessaie.","","","",""
"5","ENTREE_NUMERO","auth","","","Tape les chiffres de ton numéro, un par un. Les ronds en haut vont se remplir.","","","",""
"5","ENTREE_NUMERO_VOIX","auth","","","Dis ton numéro, ou tape les chiffres un par un. Les ronds en haut vont se remplir.","","","",""
"5","ENTREE_RECONNAISSANCE","auth","","","Touche le grand bouton. Ton téléphone va te reconnaître.","","","",""
"5","INTRO_ACCUEIL","auth","","","Bonjour ! Moi, c'est Tantie Nanti Lou. Je serai avec toi pour vendre, compter ton argent et faire grandir ton commerce. Beaucoup de commerçantes travaillent déjà avec moi. Maintenant, c'est ton tour. On commence ?","","","",""
"5","INTRO_BRAVO","auth","","","Bravo ! Nous sommes prêtes. Ouvrons ta boutique.","","","",""
"5","INTRO_HISTOIRE1","auth","","","Je serai avec toi chaque jour dans ton commerce. On est ensemble.","","","",""
"5","INTRO_HISTOIRE2","auth","","","Tu vends. J'enregistre. Je compte. Tu sais toujours combien tu gagnes.","","","",""
"5","INTRO_HISTOIRE3","auth","","","Tu peux me parler, ou utiliser le clavier. C'est toi qui décides.","","","",""
"5","INTRO_HISTOIRE4","auth","","","Tout est prêt. Ouvrons ta boutique.","","","",""
"5","INTRO_MODE","auth","","","Comment préfères-tu travailler avec moi ? Le plus simple : laisse-moi choisir, je m'adapte à toi. Sinon : je sais lire et écrire, ou je lis un peu, ou je préfère parler. Il n'y a pas de mauvais choix.","","","",""
"5","INTRO_RETOUR","auth","","","Re-bonjour ! On y va.","","","",""
"5","INTRO_VOIXINSTALL","auth","","","Pour que je puisse t'écouter et te parler partout, même sans réseau : ta voix est déjà dans l'application, je la vérifie, c'est tout. Rien à télécharger.","","","",""
"5","NUM_0","auth","","","Zéro","","","",""
"5","NUM_1","auth","","","Un","","","",""
"5","NUM_2","auth","","","Deux","","","",""
"5","NUM_3","auth","","","Trois","","","",""
"5","NUM_4","auth","","","Quatre","","","",""
"5","NUM_5","auth","","","Cinq","","","",""
"5","NUM_6","auth","","","Six","","","",""
"5","NUM_7","auth","","","Sept","","","",""
"5","NUM_8","auth","","","Huit","","","",""
"5","NUM_9","auth","","","Neuf","","","",""
"5","PAGE_001","pages","","","Merci !","","","",""
"5","TANTIE_BRAVO","auth","","","Bravo ! Nous sommes prêtes. Ouvrons ta boutique.","","","",""
"5","TANTIE_PRESENTATION","auth","","","Je serai avec toi chaque jour dans ton commerce. Tu peux toucher l'écran. Tu peux aussi écouter. On est ensemble.","","","",""
"6","MARCHE_001","marketplace","oui","productName quantity price sellerName sellerScore","{productName}, {quantity} kilogrammes à {price} francs CFA le kilo. Vendeur: {sellerName}, score {sellerScore} sur 100","","","",""
"7","WALLET_003","wallet","oui","selectedMontant","{selectedMontant} francs CFA","","","",""
"7","WALLET_004","wallet","oui","","Solde masqué","","","",""
"7","WALLET_005","wallet","oui","","Solde affiché","","","",""
"7","WALLET_008","wallet","oui","montant","Retrait de {montant} francs CFA en cours. Confirme sur ton téléphone.","","","",""
"7","WALLET_001","wallet","","name","Demande envoyée. Confirme sur ton téléphone {name}","","","",""
"7","WALLET_002","wallet","","name","{name} sélectionné","","","",""
"7","WALLET_006","wallet","","","Mon argent fermé","","","",""
"7","WALLET_007","wallet","","","Mon argent ouvert","","","",""
"8","COOP_001","cooperative","oui","","C'est fait ! La commande est clôturée et payée.","","","",""
"8","COOP_006","cooperative","oui","soldeActuel","Trésorerie actuelle : {soldeActuel} francs.","","","",""
"8","COOP_014","cooperative","oui","sortie montant","Transaction {sortie} de {montant} francs CFA enregistrée","","","",""
"8","PROD_002","producteur","oui","","Paiement encaissé ! L'argent est dans ton Keiwa.","","","",""
"8","PROD_003","producteur","oui","acheteurId","Commande de {acheteurId} acceptée. Le marchand va maintenant payer.","","","",""
"8","PROD_004","producteur","oui","nouveauPrix","Contre-proposition de {nouveauPrix} FCFA envoyée au marchand.","","","",""
"8","PROD_023","producteur","oui","revenuTotal","Tu as gagné {revenuTotal} francs en tout.","","","",""
"8","COOP_002","cooperative","","","La distribution n'a pas marché. Réessaie, s'il te plaît.","","","",""
"8","COOP_003","cooperative","","","Besoin mis à jour.","","","",""
"8","COOP_004","cooperative","","newProduit","Commande groupée pour {newProduit} créée.","","","",""
"8","COOP_005","cooperative","","label","Statut mis à jour : {label}","","","",""
"8","COOP_007","cooperative","","produit","{produit} est maintenant visible par tous les marchands.","","","",""
"8","COOP_008","cooperative","","produit","Commande de {produit} envoyée.","","","",""
"8","COOP_009","cooperative","","prenom nom","{prenom} {nom} a été suspendu. Une notification a été envoyée.","","","",""
"8","COOP_010","cooperative","","prenom nom","{prenom} {nom} a été réactivé","","","",""
"8","COOP_011","cooperative","","prenom","{prenom} a été exclu définitivement de la coopérative","","","",""
"8","COOP_012","cooperative","","prenom nom","{prenom} {nom} a rejoint la coopérative","","","",""
"8","COOP_013","cooperative","","prenom nom","La demande de {prenom} {nom} a été refusée","","","",""
"8","PROD_001","producteur","","","Impossible de marquer comme livrée","","","",""
"8","PROD_005","producteur","","statut","Commande mise à jour : {statut}","","","",""
"8","PROD_006","producteur","","","Impossible de mettre à jour la commande","","","",""
"8","PROD_007","producteur","","produit","Commande de {produit} ajoutée","","","",""
"8","PROD_008","producteur","","","Impossible d'ajouter la commande","","","",""
"8","PROD_009","producteur","","acheteurId produit","Demande de {acheteurId} pour {produit}","","","",""
"8","PROD_010","producteur","","mois","{mois} mois","","","",""
"8","PROD_011","producteur","","","Choisis d'abord une culture.","","","",""
"8","PROD_012","producteur","","","Dis-moi le nom de la culture.","","","",""
"8","PROD_013","producteur","","","C'est fait ! Ta plantation est créée.","","","",""
"8","PROD_014","producteur","","","Tu dois être connectée. Vérifie ton réseau et réessaie.","","","",""
"8","PROD_015","producteur","","produit toLocaleString","{produit}, {toLocaleString} kg","","","",""
"8","PROD_016","producteur","","culture progressPercent","Détails de ta plantation de {culture}. Progression {progressPercent} pourcent.","","","",""
"8","PROD_017","producteur","","culture","Détails de ta plantation de {culture}","","","",""
"8","PROD_018","producteur","","culture","Détails de {culture}","","","",""
"8","PROD_019","producteur","","produitName","Récolte de {produitName} publiée avec succès sur le marché virtuel","","","",""
"8","PROD_020","producteur","","stockMax","La quantité ne peut pas dépasser le stock disponible de {stockMax}","","","",""
"8","PROD_021","producteur","","","Dis-moi la quantité que tu as récoltée.","","","",""
"8","PROD_022","producteur","","quantiteEnKg cultureName","C'est enregistré ! {quantiteEnKg} kilos de {cultureName}.","","","",""
"8","PROD_024","producteur","","","Tu n'as pas encore de revenu.","","","",""
"9","BO_001","backoffice","","prenom role nouveauxCount s","Bonjour {prenom}. Vous êtes connecté en tant que {role}. Il y a {nouveauxCount} ticket{s} en attente. Comment puis-je vous aider ?","","","",""
"9","BO_002","backoffice","","unreadCount","Vous avez {unreadCount} notifications non lues. {édiate}","","","",""
